{"count":1,"self":130.8984064,"total":133.7573961,"children":{"InitializeActuators":{"count":1,"self":0.0029925999999999998,"total":0.0029925999999999998,"children":null},"InitializeSensors":{"count":1,"self":0.0020215999999999997,"total":0.0020215999999999997,"children":null},"AgentSendState":{"count":6530,"self":0.31370539999999997,"total":1.407671,"children":{"CollectObservations":{"count":1306,"self":0.0210762,"total":0.0210762,"children":null},"CollectDiscreteActionMasks":{"count":1306,"self":0.019960199999999997,"total":0.019960199999999997,"children":null},"RequestDecision":{"count":1306,"self":1.0529292,"total":1.0529292,"children":null}}},"DecideAction":{"count":6530,"self":1.2172159999999999,"total":1.2172159999999999,"children":null},"AgentAct":{"count":6530,"self":0.22711289999999998,"total":0.22711289999999998,"children":null}},"gauges":{},"metadata":{"timer_format_version":"0.1.0","start_time_seconds":"1600755774","unity_version":"2019.4.6f1","command_line_arguments":"D:\\Unity\\2019.4.6f1\\Editor\\Unity.exe -projectpath D:\/Follow -useHub -hubIPC -cloudEnvironment production -hubSessionId 4ecc9e50-fc99-11ea-9e24-89d78076d15b -accessToken 3zjkch3umKGW4-hvGTf904llFus20X0--35AdRo_MXo00ff","communication_protocol_version":"1.1.0","com.unity.ml-agents_version":"1.4.0-preview","scene_name":"SampleScene","end_time_seconds":"1600755907"}}